{
  "analysis_type": "enhanced_fss",
  "gamma_nu": 2.03515277204078,
  "gamma_nu_err": 0.3287224931506303,
  "beta_inf": 2.9349999999999996,
  "beta_inf_err": 0.0026726124191242266,
  "alpha_inf": 1.4649999999999999,
  "alpha_inf_err": 0.0008908708063747686,
  "peak_locations": {
    "24": {
      "beta": 2.9,
      "alpha": 1.49
    },
    "48": {
      "beta": 2.91,
      "alpha": 1.48
    },
    "96": {
      "beta": 2.93,
      "alpha": 1.47
    }
  },
  "chi_values": {
    "24": {
      "chi": 4.205185376716337,
      "chi_err": 0.6092280918729108
    },
    "48": {
      "chi": 20.25983449579642,
      "chi_err": 2.779493621641055
    },
    "96": {
      "chi": 48.56753187173186,
      "chi_err": 11.463458348526578
    }
  },
  "timestamp": "2025-06-20T21:23:18.939311"
}