{
  "gamma_nu": 1.0,
  "gamma_nu_err": Infinity,
  "beta_inf": 2.9349999999999996,
  "beta_inf_err": 0.001,
  "alpha_inf": 1.4649999999999999,
  "alpha_inf_err": 0.001,
  "peak_data": {
    "N": {
      "0": 24,
      "1": 48,
      "2": 96
    },
    "beta": {
      "0": 2.9,
      "1": 2.91,
      "2": 2.93
    },
    "alpha": {
      "0": 1.49,
      "1": 1.48,
      "2": 1.47
    },
    "chi": {
      "0": 4.088229305385297,
      "1": 36.95204077310186,
      "2": 65.95713115517985
    },
    "chi_err": {
      "0": NaN,
      "1": NaN,
      "2": 55.1208730486593
    },
    "chi_std": {
      "0": NaN,
      "1": NaN,
      "2": 77.95268623525959
    },
    "binder": {
      "0": 0.3297075333652922,
      "1": 0.1747626140583555,
      "2": 0.3897365597833938
    },
    "binder_std": {
      "0": NaN,
      "1": NaN,
      "2": 0.12139194815490396
    },
    "n_samples": {
      "0": 1,
      "1": 1,
      "2": 2
    }
  },
  "timestamp": "2025-06-20T21:21:35.115731"
}